<?xml version='1.0' encoding='UTF-8'?>
<image h="2000" w="2000"><stack><layer composite-op="svg:src-over" name="Wklejona warstwa" opacity="1.0" src="data/000.png" visibility="visible" x="0" y="0" /><layer composite-op="svg:src-over" name="Wklejona warstwa #1" opacity="1.0" src="data/001.png" visibility="visible" x="0" y="0" /><layer composite-op="svg:src-over" name="Wklejona warstwa #2" opacity="1.0" src="data/002.png" visibility="visible" x="0" y="0" /><layer composite-op="svg:src-over" name="Wklejona warstwa #3" opacity="1.0" src="data/003.png" visibility="visible" x="0" y="0" /><layer composite-op="svg:src-over" name="Wklejona warstwa #4" opacity="1.0" src="data/004.png" visibility="visible" x="0" y="0" /><layer composite-op="svg:src-over" name="Wklejona warstwa #5" opacity="1.0" src="data/005.png" visibility="visible" x="0" y="0" /><layer composite-op="svg:src-over" name="Wklejona warstwa #6" opacity="1.0" src="data/006.png" visibility="visible" x="0" y="0" /><layer composite-op="svg:src-over" name="Wklejona warstwa #7" opacity="1.0" src="data/007.png" visibility="visible" x="0" y="0" /><layer composite-op="svg:src-over" name="Wklejona warstwa #8" opacity="1.0" src="data/008.png" visibility="visible" x="0" y="0" /><layer composite-op="svg:src-over" name="Wklejona warstwa #9" opacity="1.0" src="data/009.png" visibility="visible" x="0" y="0" /><layer composite-op="svg:src-over" name="Wklejona warstwa #24" opacity="1.0" src="data/010.png" visibility="visible" x="0" y="0" /><layer composite-op="svg:src-over" name="Wklejona warstwa #10" opacity="1.0" src="data/011.png" visibility="visible" x="0" y="0" /><layer composite-op="svg:src-over" name="Wklejona warstwa #11" opacity="1.0" src="data/012.png" visibility="visible" x="0" y="0" /><layer composite-op="svg:src-over" name="Wklejona warstwa #12" opacity="1.0" src="data/013.png" visibility="visible" x="0" y="0" /><layer composite-op="svg:src-over" name="Wklejona warstwa #13" opacity="1.0" src="data/014.png" visibility="visible" x="0" y="0" /><layer composite-op="svg:src-over" name="Wklejona warstwa #14" opacity="1.0" src="data/015.png" visibility="visible" x="0" y="0" /><layer composite-op="svg:src-over" name="Wklejona warstwa #15" opacity="1.0" src="data/016.png" visibility="visible" x="0" y="0" /><layer composite-op="svg:src-over" name="Wklejona warstwa #16" opacity="1.0" src="data/017.png" visibility="visible" x="0" y="0" /><layer composite-op="svg:src-over" name="Wklejona warstwa #17" opacity="1.0" src="data/018.png" visibility="visible" x="0" y="0" /><layer composite-op="svg:src-over" name="Wklejona warstwa #18" opacity="1.0" src="data/019.png" visibility="visible" x="0" y="0" /><layer composite-op="svg:src-over" name="Wklejona warstwa #19" opacity="1.0" src="data/020.png" visibility="visible" x="0" y="0" /><layer composite-op="svg:src-over" name="Wklejona warstwa #20" opacity="1.0" src="data/021.png" visibility="visible" x="0" y="0" /><layer composite-op="svg:src-over" name="Wklejona warstwa #21" opacity="1.0" src="data/022.png" visibility="visible" x="0" y="0" /><layer composite-op="svg:src-over" name="Wklejona warstwa #22" opacity="1.0" src="data/023.png" visibility="visible" x="0" y="0" /><layer composite-op="svg:src-over" name="Wklejona warstwa #23" opacity="1.0" src="data/024.png" visibility="visible" x="0" y="0" /></stack></image>